{"cameraMode":{"drawMode":0,"name":"Shaded","section":"Shading Mode"},"sceneLighting":false,"audioPlay":false,"sceneViewState":{"showFog":true,"showMaterialUpdate":false,"showSkybox":false,"showFlares":true,"showImageEffects":true,"showParticleSystems":true},"in2DMode":false,"pivot":{"x":1.5724729299545289,"y":1.232906699180603,"z":-0.03115183115005493},"rotation":{"x":0.08878018707036972,"y":0.5638129115104675,"z":-0.061129625886678699,"w":0.8188415765762329},"size":3.8190531730651857,"orthographic":true}