{"cameraMode":{"drawMode":0,"name":"Shaded","section":"Shading Mode"},"sceneLighting":false,"audioPlay":false,"sceneViewState":{"showFog":true,"showMaterialUpdate":false,"showSkybox":false,"showFlares":true,"showImageEffects":true,"showParticleSystems":true},"in2DMode":false,"pivot":{"x":0.33786314725875857,"y":1.9300380945205689,"z":-0.58984375},"rotation":{"x":-0.04447963833808899,"y":0.1492871642112732,"z":0.0067224339582026009,"w":0.9877700209617615},"size":5.071786880493164,"orthographic":true}