{"cameraMode":{"drawMode":0,"name":"Shaded","section":"Shading Mode"},"sceneLighting":true,"audioPlay":false,"sceneViewState":{"showFog":true,"showMaterialUpdate":false,"showSkybox":true,"showFlares":true,"showImageEffects":true,"showParticleSystems":true},"in2DMode":false,"pivot":{"x":-2.5163426399230959,"y":5.873021125793457,"z":-4.842937469482422},"rotation":{"x":0.1397891491651535,"y":0.2236909717321396,"z":-0.03243594244122505,"w":0.9640388488769531},"size":1.4516226053237916,"orthographic":true}